model,input_tokens,output_tokens,concurrent_requests,region,latency_ms
large,202,809,5,us-east,2836
small,3116,154,9,us-east,1952
large,230,80,2,us-west,1773
small,2565,77,9,eu-west,2006
large,2972,608,7,eu-west,3536
medium,1239,878,1,eu-west,2589
small,1831,398,5,eu-west,1822
small,518,144,7,us-west,1345
medium,2572,320,1,us-west,2091
medium,611,994,7,eu-west,2855
large,3497,693,10,us-west,4036
large,2985,121,1,us-east,2380
small,426,925,4,us-west,1966
medium,1957,700,6,us-west,2634
medium,958,736,5,us-west,2653
large,392,673,3,eu-west,2859
large,769,523,7,us-east,2819
large,2381,274,6,eu-west,3198
small,3466,82,6,us-east,1796
medium,964,985,10,us-east,3341
medium,2784,561,7,us-east,2859
medium,1184,192,4,us-east,1848
large,1176,814,10,eu-west,3831
large,1582,274,3,us-west,2525
medium,3195,98,2,us-east,1634
large,3344,746,7,us-east,3769
small,1663,660,8,us-west,2514
medium,3625,61,2,eu-west,2147
large,3248,706,6,us-west,3473
medium,747,514,1,us-west,1955
large,2150,830,3,us-west,3305
small,1322,911,9,eu-west,2968
small,1631,830,3,us-east,2098
large,2553,381,8,us-east,2976
small,3699,901,5,us-west,2763
small,3696,630,2,us-east,1938
large,3442,120,9,us-west,3444
small,2802,536,9,us-east,2387
medium,3673,671,7,eu-west,3147
large,2925,255,5,eu-west,2995
large,1629,498,9,eu-west,3454
small,1020,115,6,us-east,1152
large,1042,652,4,eu-west,2793
small,2684,110,4,eu-west,1502
small,390,576,4,us-west,1631
large,977,602,3,us-west,2907
large,2036,298,8,eu-west,3172
small,497,724,7,us-east,2049
medium,2012,934,1,us-west,2687
large,503,112,7,eu-west,2707
medium,1118,246,4,us-east,1792
medium,1828,237,5,us-east,1986
small,1915,877,9,us-east,2585
small,2314,906,1,eu-west,2097
small,1764,547,8,us-east,2118
medium,774,438,1,us-east,1579
medium,1268,483,9,us-west,2791
large,734,244,5,us-west,2370
small,3113,605,1,eu-west,2230
medium,305,648,8,us-east,2495
large,332,570,2,us-east,2245
small,378,741,4,eu-west,1970
small,1108,642,10,eu-west,2412
large,1817,723,10,us-east,3720
large,3928,317,4,us-west,3228
large,1077,321,7,us-west,2687
large,1328,518,6,eu-west,3271
small,1977,686,10,us-east,2469
small,973,568,5,eu-west,1843
medium,3701,300,6,us-east,2445
small,3515,606,5,us-west,2563
large,132,733,9,eu-west,3359
large,3945,949,3,us-east,3562
small,3140,616,3,us-east,2006
medium,962,784,6,eu-west,2637
large,3593,320,9,eu-west,3652
medium,478,699,7,us-east,2375
small,1466,839,3,us-east,2126
medium,3136,502,9,us-east,3090
medium,139,164,2,eu-west,1577
small,247,904,6,eu-west,2432
large,1860,180,1,us-east,2045
medium,3781,416,4,us-east,2604
small,521,412,9,eu-west,2106
large,733,997,4,eu-west,3226
small,201,233,6,us-west,1639
medium,3639,802,4,eu-west,3026
small,542,441,1,eu-west,1377
small,3444,990,8,us-east,3055
medium,1013,74,4,us-east,1495
medium,3640,121,5,us-west,2272
large,1737,745,9,eu-west,3710
small,3692,317,3,us-east,1915
medium,544,660,7,us-east,2376
large,1887,670,9,us-west,3460
medium,878,310,1,eu-west,1809
medium,2229,997,9,us-east,3493
large,3118,736,4,eu-west,3492
medium,3986,730,6,us-east,3192
medium,3573,177,5,eu-west,2486
medium,1772,384,7,eu-west,2671
medium,621,246,7,eu-west,2259
medium,3164,974,3,eu-west,3216
large,1763,611,1,us-west,2660
medium,1860,854,10,us-east,3306
large,2004,502,8,us-west,3468
small,2038,862,3,eu-west,2479
small,2211,729,10,us-west,2808
small,2855,367,4,us-east,1712
small,289,300,8,us-east,1729
small,1797,957,10,us-west,2926
large,1672,556,7,eu-west,3225
small,2916,55,2,eu-west,1647
medium,820,873,9,us-east,2948
small,1120,989,2,eu-west,2243
small,2834,593,9,us-west,2802
medium,2609,884,9,us-west,3420
large,3774,212,8,us-west,3359
medium,3540,702,5,us-east,3042
large,2667,294,5,us-west,2931
small,1270,290,5,eu-west,1673
medium,430,191,3,eu-west,1533
medium,725,773,4,eu-west,2304
medium,1455,605,8,us-west,2749
small,3511,480,7,us-east,2572
large,180,927,10,eu-west,3742
medium,3961,410,5,us-east,2769
medium,2304,815,9,us-west,3366
small,998,329,7,us-west,1862
small,1476,734,7,us-west,2566
small,3866,180,10,us-west,2582
small,2524,627,1,us-west,1719
large,655,937,8,us-west,3468
small,1652,385,4,us-west,1744
medium,3217,950,7,us-west,3345
medium,3519,133,8,us-west,2392
large,313,408,4,eu-west,2684
small,264,822,1,eu-west,1665
small,2644,206,4,us-east,1440
medium,568,627,4,eu-west,2304
large,3241,427,3,us-west,3090
large,3042,167,3,eu-west,2667
small,205,369,10,eu-west,2229
medium,3956,782,4,us-west,2887
large,3502,692,4,eu-west,3382
large,3582,750,10,us-west,3997
large,1522,595,7,us-east,3256
medium,2172,713,6,us-east,2496
medium,532,493,6,us-west,2343
medium,726,495,3,eu-west,2214
large,1206,680,9,eu-west,3753
medium,1884,895,10,us-west,3307
medium,3502,138,5,us-east,2196
small,2434,674,7,us-west,2487
small,3585,382,3,us-west,2044
small,3367,314,6,us-west,2113
large,3704,332,9,eu-west,3444
large,450,297,7,us-east,2596
large,2928,537,8,us-east,3459
small,1305,276,7,us-east,1846
small,2819,645,6,us-west,2499
large,1508,485,9,eu-west,3352
medium,1958,327,5,eu-west,2212
small,3054,247,6,us-east,1768
large,3994,830,3,eu-west,3592
small,2083,333,10,eu-west,2605
large,1259,152,4,eu-west,2385
small,834,359,1,us-west,1379
large,1223,96,1,us-east,1942
medium,3966,179,8,eu-west,2660
small,1264,530,8,eu-west,2313
medium,310,308,8,us-east,1889
small,2114,125,10,us-west,2214
large,721,202,10,us-east,2741
small,585,621,7,us-east,2072
large,1024,844,9,eu-west,3711
medium,1317,930,10,us-west,3318
medium,2643,111,10,eu-west,2839
small,2662,266,5,us-east,1889
small,1082,227,9,us-east,1626
small,1773,511,10,us-east,2407
medium,1048,345,5,us-east,2082
medium,2915,289,5,us-east,2349
large,3392,252,7,eu-west,3138
large,2752,202,5,us-east,2564
small,779,861,5,us-east,2193
large,3873,345,8,eu-west,3451
medium,1345,766,7,eu-west,2827
large,2122,498,2,eu-west,2928
small,3108,380,10,us-west,2525
small,1037,740,10,us-east,2595
small,3464,325,10,eu-west,2502
small,2225,717,8,us-west,2567
small,1885,700,8,eu-west,2463
medium,1772,391,6,us-west,2486
small,1450,471,8,us-east,2002
large,3432,828,9,us-west,3918
medium,1388,308,6,us-east,1906
medium,3478,51,9,eu-west,2692
medium,868,580,6,us-east,2387
medium,1910,828,1,eu-west,2379
medium,636,999,5,eu-west,2850
large,597,79,10,us-west,2656
large,1372,614,1,us-east,2593
medium,1020,911,2,us-east,2333
small,3508,207,8,eu-west,2516
medium,2989,329,7,eu-west,2739
medium,1970,614,3,us-east,2226
small,2181,814,3,eu-west,2148
medium,1492,856,9,us-west,3081
small,3073,355,10,us-west,2656
large,3644,202,8,us-west,3366
medium,1461,615,9,us-west,2843
medium,3661,243,4,us-west,2435
medium,3606,844,7,us-east,3056
medium,2037,772,7,eu-west,3030
large,723,557,1,eu-west,2377
large,1459,940,2,eu-west,3244
small,3829,517,1,eu-west,2255
small,3667,720,3,us-west,2255
medium,1486,688,7,us-west,2874
small,3591,740,9,us-west,3020
medium,3043,958,8,eu-west,3635
small,380,290,5,eu-west,1440
large,1877,150,2,us-east,2182
small,1326,975,1,eu-west,1958
medium,1301,417,6,us-east,2180
small,2275,471,10,us-east,2569
small,817,130,10,us-east,1714
large,1086,559,10,eu-west,3361
small,2712,310,8,us-west,2164
large,3781,873,8,us-east,3950
large,747,125,8,eu-west,2675
large,2717,484,5,us-west,3177
medium,1675,923,8,us-east,2896
small,2442,417,10,us-west,2459
large,189,899,7,us-west,3276
small,3643,752,1,eu-west,2441
large,3511,975,5,us-west,4089
small,3384,410,4,eu-west,2293
small,1126,744,3,eu-west,2139
small,2747,90,5,eu-west,1782
small,1594,799,3,eu-west,2023
medium,3161,475,3,us-west,2324
small,3689,424,9,eu-west,2802
medium,1152,985,8,us-east,2963
large,3394,167,8,us-west,3037
small,3623,742,7,us-east,2800
medium,3338,454,1,us-east,2047
large,1962,427,5,us-east,2903
medium,3951,430,2,eu-west,2651
small,202,684,9,us-west,2248
large,2752,114,8,us-east,3045
medium,1772,169,3,eu-west,1680
small,2117,168,2,us-west,1265
large,1691,514,6,us-east,3098
large,3974,603,7,eu-west,3918
large,732,956,7,eu-west,3728
small,2621,467,5,us-west,1920
large,989,504,8,us-west,3042
medium,2908,426,9,us-east,2922
medium,1730,332,4,us-east,1806
medium,2814,267,10,us-east,2493
small,1097,178,10,us-west,1858
small,948,650,4,eu-west,1888
medium,3330,972,10,us-east,3433
medium,632,603,5,us-east,2039
small,3648,76,3,eu-west,1527
medium,2511,381,1,us-east,1748
medium,619,809,7,us-east,2663
small,360,537,8,eu-west,2314
medium,2531,161,8,eu-west,2556
small,277,794,9,eu-west,2462
medium,227,112,8,eu-west,1984
medium,542,552,8,eu-west,2407
small,2591,201,2,us-west,1343
medium,2693,649,9,eu-west,3381
medium,2546,593,5,us-west,2672
large,1862,151,2,eu-west,2488
large,3052,936,4,eu-west,3753
medium,1794,397,8,us-east,2439
medium,489,370,7,eu-west,2201
large,1633,206,8,us-west,2727
small,481,492,2,us-east,1467
large,3425,183,9,us-west,3154
large,2400,387,2,eu-west,2754
medium,3954,818,7,eu-west,3641
small,2559,369,6,us-west,1927
large,971,208,8,eu-west,2757
small,3562,619,6,us-west,2433
medium,1026,876,7,eu-west,3043
large,2864,708,9,eu-west,3735
large,3497,760,5,eu-west,3525
small,2978,830,5,us-west,2584
medium,843,940,3,us-east,2485
large,385,195,1,us-west,1777
large,981,435,7,eu-west,3050
medium,1615,369,6,us-east,2362
large,447,954,1,eu-west,2813
small,303,740,2,eu-west,1687
medium,1836,547,10,eu-west,3049
medium,982,823,9,us-west,2862
medium,554,340,10,us-west,2487
large,1363,96,4,eu-west,2389
large,131,259,5,us-east,2145
small,1285,385,2,us-west,1242
medium,1863,229,3,eu-west,1941
large,1042,562,9,eu-west,3524
medium,1726,932,1,us-east,2386
small,3873,129,6,us-west,2143
medium,1756,776,7,eu-west,2930
small,185,382,3,us-west,1431
medium,3867,420,2,eu-west,2500
small,1884,653,7,us-east,2328
small,3665,367,6,us-west,2206
medium,412,572,2,us-east,1839
large,3810,844,6,us-east,3753
large,3438,201,4,eu-west,2780
small,908,227,10,us-west,1852
large,825,841,8,us-east,3411
large,1938,747,10,eu-west,4013
large,1423,934,6,eu-west,3482
medium,2020,502,5,us-east,2246
large,1541,569,2,us-east,2549
medium,254,108,6,us-west,1646
small,3639,925,2,eu-west,2751
large,1674,523,10,eu-west,3645
large,1942,980,10,us-east,4097
small,2578,537,9,us-west,2457
small,523,880,6,us-west,2445
small,2746,226,1,eu-west,1446
large,1899,586,9,us-west,3615
small,1627,989,5,us-west,2530
medium,2880,662,1,us-west,2513
large,369,387,2,us-west,2343
large,1263,308,10,us-west,3018
medium,2486,729,3,us-east,2451
medium,2960,728,7,eu-west,3031
large,3942,136,5,eu-west,3137
medium,3342,386,3,eu-west,2574
large,2907,984,9,eu-west,4109
large,1834,570,6,eu-west,3059
medium,838,269,6,us-west,2202
medium,1027,190,3,us-east,1372
medium,2179,839,9,us-east,3320
large,2811,394,10,us-east,3302
large,731,216,3,us-west,2379
large,3053,498,1,us-east,2718
medium,3047,293,8,eu-west,2873
medium,3310,509,4,eu-west,2745
small,3412,853,8,us-west,2925
medium,3979,634,8,eu-west,3392
medium,2159,590,7,us-west,2641
small,666,943,5,eu-west,2190
large,3680,430,9,us-west,3524
large,3586,177,5,eu-west,2871
small,1940,977,9,us-west,2855
medium,3976,982,4,us-east,3203
medium,1799,104,7,us-east,2041
medium,1681,133,6,us-east,1809
small,3912,151,6,us-west,1957
small,1275,989,8,us-east,2797
small,2021,509,10,eu-west,2417
small,1148,270,3,us-east,1333
large,2261,483,2,eu-west,3028
medium,1333,174,1,us-east,1297
medium,3351,687,8,eu-west,3126
small,2544,598,1,us-west,1969
large,1090,785,3,eu-west,3009
medium,2618,411,4,us-east,2308
medium,2821,734,2,us-east,2513
medium,2254,607,9,us-east,2938
large,1699,944,8,us-east,3494
large,1629,309,1,us-west,2298
small,1087,800,2,us-west,2092
large,3199,390,3,eu-west,2829
medium,1486,883,3,eu-west,2854
large,2948,540,3,us-west,2926
small,3279,518,1,eu-west,1927
small,3340,254,1,us-east,1433
medium,1731,884,9,eu-west,3349
medium,3185,712,4,us-east,2637
medium,3646,721,6,us-east,2933
small,1889,960,7,us-west,2929
medium,1488,241,8,us-west,2460
medium,3885,866,9,us-west,3572
small,1838,130,7,eu-west,1931
small,1303,378,2,eu-west,1354
medium,1310,363,8,eu-west,2605
large,782,756,8,us-west,3362
medium,3077,940,6,us-east,3257
medium,2719,860,1,us-west,2433
large,1763,422,9,eu-west,3542
large,227,196,10,us-east,2827
medium,617,118,4,us-east,1663
large,1583,442,10,us-west,3183
large,2881,510,6,us-east,3178
medium,2450,190,9,us-east,2405
medium,2760,335,4,us-west,2132
small,862,561,9,eu-west,2343
large,1172,843,5,us-east,3306
medium,2606,342,8,us-east,2433
small,3593,125,8,us-east,1956
large,459,879,6,us-west,3407
medium,365,613,9,eu-west,2656
medium,3015,776,3,us-east,2619
large,597,255,3,us-east,2046
medium,1578,617,10,us-east,2844
medium,631,676,2,eu-west,1970
medium,3036,786,8,us-west,3339
medium,3472,638,2,us-west,2444
medium,403,510,8,eu-west,2640
large,625,949,9,us-west,3810
large,3244,182,7,us-east,3024
small,2222,206,5,us-east,1475
small,3928,776,4,us-west,2613
large,3564,130,5,us-west,2788
large,1224,178,5,eu-west,2672
large,2158,706,3,us-east,3081
large,801,724,10,us-east,3597
large,3551,996,10,us-west,4246
small,286,706,10,us-east,2239
large,3241,635,7,us-east,3626
large,2139,960,9,us-east,3827
large,2078,300,7,us-west,2947
medium,2920,111,3,us-east,1842
medium,2002,258,6,us-west,2340
small,3628,785,6,us-west,2962
medium,635,828,6,us-west,2703
large,1407,297,8,us-east,2699
medium,1115,194,2,us-west,1400
medium,3639,680,7,us-west,3090
small,3924,641,6,us-west,2571
small,2208,528,8,us-west,2352
medium,468,452,9,us-east,2370
small,2489,411,1,us-east,1316
medium,2547,953,8,us-west,3319
large,3570,160,7,us-east,2874
medium,1598,832,7,eu-west,3005
small,309,633,9,us-west,2140
medium,1282,125,7,eu-west,2164
medium,1245,895,10,eu-west,3471
large,627,149,7,us-east,2395
medium,3945,424,3,eu-west,2498
large,1744,562,1,eu-west,2546
small,3022,391,8,us-east,2338
medium,2583,964,9,us-east,3244
medium,1404,216,7,eu-west,2355
large,2531,394,9,us-west,3459
large,3002,626,5,us-west,3414
small,1456,739,2,us-west,1911
large,3363,970,1,us-west,3561
medium,2785,851,10,us-west,3593
small,310,647,8,eu-west,2125
large,3053,684,7,eu-west,3606
large,229,636,2,us-east,2306
small,1384,478,3,us-west,1681
large,1780,563,10,us-east,3472
large,355,772,3,eu-west,2962
small,1431,728,8,eu-west,2628
medium,809,520,9,us-west,2580
large,2868,840,5,us-west,3713
medium,1109,335,9,us-east,2275
small,3258,345,4,us-west,2138
large,1398,541,6,us-west,3134
large,1278,174,10,us-west,3130
large,3769,454,6,us-west,3613
small,272,344,2,us-west,1164
medium,1150,815,8,eu-west,2917
small,1210,625,5,eu-west,1962
small,3134,650,4,eu-west,2330
small,3807,593,4,eu-west,2599
small,510,473,6,us-east,1836
medium,2890,839,3,us-east,2486
large,1766,718,8,us-east,3458
large,3196,344,6,us-east,2998
large,3818,837,2,us-east,3501
large,2291,806,1,us-east,2814
medium,3925,991,1,us-east,2877
medium,3936,816,5,us-east,2885
small,2426,667,2,us-west,1976
medium,2726,606,9,us-west,3144
small,2017,329,4,eu-west,1655
medium,3094,519,5,us-east,2708
small,3117,395,5,us-east,2087
large,818,675,7,us-east,3091
large,455,460,2,us-west,2257
small,1425,304,1,us-west,1202
medium,1929,821,5,us-east,2639
medium,3060,636,1,eu-west,2408
large,2937,291,1,us-west,2697
small,1356,213,7,us-west,1897
large,3253,368,2,eu-west,3019
medium,2617,276,4,us-west,2042
medium,1963,815,10,us-east,3161
medium,2349,984,8,eu-west,3637
large,3481,273,4,eu-west,3171
large,2252,507,9,us-east,3518
medium,3857,627,2,us-east,2354
large,928,636,9,eu-west,3324
